{"cameraMode":{"drawMode":0,"name":"Shaded","section":"Shading Mode"},"sceneLighting":false,"audioPlay":false,"sceneViewState":{"showFog":true,"showMaterialUpdate":false,"showSkybox":false,"showFlares":true,"showImageEffects":true,"showParticleSystems":true},"in2DMode":false,"pivot":{"x":-1.5974522829055787,"y":0.31903499364852908,"z":-0.3063063621520996},"rotation":{"x":-0.08650996536016464,"y":0.1257878690958023,"z":-0.010946039110422135,"w":-0.9882367849349976},"size":4.294194221496582,"orthographic":false}