{"cameraMode":{"drawMode":0,"name":"Shaded","section":"Shading Mode"},"sceneLighting":true,"audioPlay":false,"sceneViewState":{"showFog":true,"showMaterialUpdate":false,"showSkybox":true,"showFlares":true,"showImageEffects":true,"showParticleSystems":true},"in2DMode":false,"pivot":{"x":-25.707460403442384,"y":2.0145411491394045,"z":9.902061462402344},"rotation":{"x":-0.41898736357688906,"y":0.1757388859987259,"z":-0.08300666511058808,"w":-0.8869652152061462},"size":2.1914443969726564,"orthographic":false}